id,date,time_slot,created_at,updated_at,uuid
ChIJRw8qfLkEdkgRzCtaLhTmdqE,2025-03-20,19:00:00,2025-01-10 17:49:34+00,2025-01-10 17:49:37+00,020a1ebb-b52d-4f8f-9e53-da46aea604ae
ChIJVcvKc80EdkgRyV3q0YIzDvc,2025-02-03,16:30:00,2025-01-02 17:30:34+00,2025-01-02 17:30:34+00,02b7331a-40d1-4486-9bff-8e568b1dabce
ChIJLaauA8wDdkgRGVE0i0rpKRA,2025-01-11,20:30,,,05bcf291-5a20-49a2-9188-5cfb61bdf536
ChIJn6H4-9UEdkgRdpJ9OOHx_GY,2025-06-18,19:00:00,2025-01-02 17:30:34+00,2025-01-02 17:30:34+00,06995be6-250f-4e00-b760-8693d2ba16a0
ChIJ--NV5KcEdkgRhBQJ-YpaAX8,2025-02-20,18:00,,,07e1a9db-499c-4ebd-97f3-6270d8718912
ChIJkQ3E6swDdkgRuFY-iKFPZYU,2025-03-10,12:30,,,07e937c1-05b8-470c-86e0-c0af4aea80dc
ChIJa4kFNsoFdkgRLuOyhQkoBRg,2025-04-04,18:30,,,08505dc5-35b3-40e0-9bcd-9476e0ce87eb
ChIJNber-dQEdkgRJU94MkU7qTA,2025-04-29,16:00:00,2025-01-02 17:30:34+00,2025-01-02 17:30:34+00,096ed60f-5de3-4a90-963b-67488996adf3
ChIJLaauA8wDdkgRGVE0i0rpKRA,2025-03-03,19:30,,,09b02b33-38e8-46c7-bda4-af9746b773a6
ChIJLaauA8wDdkgRGVE0i0rpKRA,2025-03-05,20:00,,,0ad4e63d-6858-41f1-85e2-6d2a2278de97
ChIJLaauA8wDdkgRGVE0i0rpKRA,2025-03-04,19:00,,,0bccbb13-e78e-46dd-b1fb-846f5f78fb63
ChIJZ7h0_scCdkgR2vK0OaP4dNU,2025-01-11,19:30,,,0c056a23-4645-455b-866b-7a80716d2485
ChIJt0fSL9UEdkgRNbF25sXGuEk,2025-06-03,21:00:00,2025-01-02 17:30:34+00,2025-01-02 17:30:34+00,0f1186aa-5190-438b-aae3-d860157feae8
ChIJP8v1-tIEdkgRAdetOMmCKDg,2025-05-20,17:30:00,2025-01-02 17:30:34+00,2025-01-02 17:30:34+00,0f9b7dff-d54e-4629-99f0-7c1eb5af3a4f
ChIJaeMWvsIEdkgRPKGlNOE_vd8,2025-02-20,19:00,,,0fa768fc-c2df-4cce-8304-4eebc6b6dbc3
ChIJ2wsNyakddkgRnCzgzgPUtqI,2025-04-13,21:00:00,2025-01-02 17:30:34+00,2025-01-02 17:30:34+00,1134e9d0-c069-40ad-a436-8a798fb2e124
ChIJNzsd-NQEdkgRmrDZyr1DPUg,2025-02-14,19:00,,,122d1c43-2102-497b-aff2-e2609fbccd14
ChIJRw8qfLkEdkgRzCtaLhTmdqE,2025-03-15,19:00,,,1291816e-c931-45a7-85a2-9b0a8d036809
ChIJydjklNQEdkgRRkTHmCM_92o,2025-03-15,12:30,,,13c40bfd-d9ba-4a69-b371-4c848a3849ce
ChIJRw8qfLkEdkgRzCtaLhTmdqE,2025-03-15,20:00,,,144098bd-07a9-46ff-8f78-b429ef1db31e
ChIJmzVTxtIEdkgRmHnN1lyXkY0,2025-03-10,18:30,,,153e5389-7b31-4355-bc4a-f072cfe36ec3
ChIJU_kdsHcFdkgRIzU2fm0McoY,2025-04-05,18:30,,,159afc2b-5cdc-4333-a9e2-ce8624ee1cd1
ChIJ2UE2CjMbdkgRSHrfCpzDwXY,2025-04-12,18:30,,,160ced5d-042e-4133-b843-8b63c030c206
ChIJRw8qfLkEdkgRzCtaLhTmdqE,2025-02-19,20:00:00,2025-01-02 17:30:34+00,2025-01-02 17:30:34+00,1745f8ff-9b0f-49c0-9d0a-b541698f3aa1
ChIJmwYTAjMbdkgROz0ItAqwp84,2025-04-19,18:30,,,192f9faf-0003-4c1f-8230-106236ddb695
ChIJZ3ynWcsbdkgRNxvTG5jKwSs,2025-04-11,13:00:00,2025-01-02 17:30:34+00,2025-01-02 17:30:34+00,195e0b30-1eb6-4e42-bc5a-bc65d0b6f204
ChIJZ7h0_scCdkgR2vK0OaP4dNU,2025-03-21,08:30:00,2025-01-02 17:30:34+00,2025-01-02 17:30:34+00,1a5f1e72-ff2c-4a77-aeb9-beb970265e70
ChIJydjklNQEdkgRRkTHmCM_92o,2025-02-10,13:30,,,1ad83963-e7d6-4c93-8511-533d95f713a2
ChIJPfNPwp8FdkgR1t_HKXUGErU,2025-03-29,14:00:00,2025-01-02 17:30:34+00,2025-01-02 17:30:34+00,1b7f9920-9579-418e-8fa6-37ca7be24171
ChIJDeDVUNMEdkgRCQEnhHzXv1g,2025-04-15,08:30:00,2025-01-02 17:30:34+00,2025-01-02 17:30:34+00,1e7b78a8-94e6-4d83-ae21-6913eb5ade33
ChIJkQ3E6swDdkgRuFY-iKFPZYU,2025-03-17,09:30:00,2025-01-02 17:30:34+00,2025-01-02 17:30:34+00,1eea3035-2e28-42fd-8920-c2ce3dd70fec
ChIJ--NV5KcEdkgRhBQJ-YpaAX8,2025-04-05,18:30,,,205b80e7-b4b5-471b-82d3-1a678b829567
ChIJIWTiZiEDdkgR2BGTzzgcnAc,2025-01-11,19:00,,,211e4b56-f1f7-4fef-b704-8ca6c9c3cb56
ChIJRw8qfLkEdkgRzCtaLhTmdqE,2025-03-22,18:30,,,223923f7-d5f5-4a0f-b65f-65e9f14a9a52
ChIJydjklNQEdkgRRkTHmCM_92o,2025-02-10,12:00,,,237dd3d2-17a2-4432-a3be-d582f2bb2e59
ChIJydjklNQEdkgRRkTHmCM_92o,2025-02-10,13:30,,,2536a5eb-23d9-4f9d-a61c-be049ce9ba77
ChIJKf7L9tUadkgRJj9iN2E5_EM,2025-03-07,19:00:00,2025-01-02 17:30:34+00,2025-01-02 17:30:34+00,25435624-ed0f-49e9-af18-1a3756a18448
ChIJmzVTxtIEdkgRmHnN1lyXkY0,2025-02-15,12:30,,,25a8807e-b2e2-4691-8cb5-d24b68d93f48
ChIJPUeOndMEdkgRus43ScQicz8,2025-04-26,21:30:00,2025-01-02 17:30:34+00,2025-01-02 17:30:34+00,262bbb9b-5d77-4be4-ba41-e83fb5bde68c
ChIJNzsd-NQEdkgRmrDZyr1DPUg,2025-04-15,20:00,,,26d65b5d-415d-4240-8287-03f6b7f2ea66
ChIJfZ_tiioFdkgRIlznzd6uZTg,2025-06-27,19:00:00,2025-01-02 17:30:34+00,2025-01-02 17:30:34+00,2958123c-3d03-4074-93f6-f99d8a467ac3
ChIJccCB58cFdkgRHjsYhuZD7Dk,2025-03-14,11:30:00,2025-01-02 17:30:34+00,2025-01-02 17:30:34+00,29eb0e38-2e7f-4264-bd51-cef4996a7d08
ChIJN0jjDiobdkgR2O7BaiyXT8A,2025-01-27,20:00:00,2025-01-02 17:30:34+00,2025-01-02 17:30:34+00,2c81a7b8-293c-4b2c-b338-4c08b8c8bcf5
ChIJydjklNQEdkgR1s6bb7ABkhg,2025-02-10,12:30,,,2d0eb0a4-6348-41bd-9194-13f96ba6522d
ChIJXYtfGygDdkgRy_VzumysaSM,2025-06-02,08:00:00,2025-01-02 17:30:34+00,2025-01-02 17:30:34+00,2ed726ba-8e54-4a2c-9f5e-b7bc8b795abf
ChIJ2UE2CjMbdkgRSHrfCpzDwXY,2025-04-06,19:30,,,3036191a-57cf-4b68-81ba-6b3ad4259aeb
ChIJFW4pGcQbdkgR-vy8ErudCyo,2025-04-15,18:30,,,31a0578f-2116-4c88-ab31-082c7c6d9bae
ChIJc-VeqdUEdkgRwPfJcBdyOFs,2025-04-24,09:30:00,2025-01-02 17:30:34+00,2025-01-02 17:30:34+00,34242b13-a68b-46ee-89fe-339db513a02b
ChIJhwEleEsDdkgRnVjBTfuoKAY,2025-03-20,18:00,,,3742d9a9-a8bc-4f77-a713-c7ad53cc56f1
ChIJZ-YVItMEdkgR2_qjlApBJ1w,2025-04-22,11:30:00,2025-01-02 17:30:34+00,2025-01-02 17:30:34+00,37c2a638-3c9e-4362-9f8a-1b8f9e0cf307
ChIJZ7h0_scCdkgR2vK0OaP4dNU,2025-02-15,20:00,,,3a9d7337-23f9-4fa5-b51e-7fe9a495ab07
ChIJbUnC58oEdkgR4pwzPtYGrbY,2025-02-14,20:30,,,3b6aebd6-f9db-4984-8d70-2bc996af0220
ChIJ24yIUy0bdkgR81HVasgZ1ho,2025-02-20,17:30,,,3eb25e49-22d3-4ddd-9a0e-e9cc732b04f7
ChIJMRl6DLYcdkgRt9E0ECCsVcc,2025-03-17,16:00:00,2025-01-02 17:30:34+00,2025-01-02 17:30:34+00,3f5cc9d6-e52e-43e3-ac61-c39b19acc2ee
ChIJcwdcIfkcdkgR68phoHpxWis,2025-04-25,22:30:00,2025-01-02 17:30:34+00,2025-01-02 17:30:34+00,3fbb7c1e-ca9f-4f88-a539-695c071f20ab
ChIJFW4pGcQbdkgR-vy8ErudCyo,2025-05-24,14:00:00,2025-01-02 17:30:34+00,2025-01-02 17:30:34+00,401164a3-60c5-46ff-9b0f-af6e2a16797d
ChIJaeMWvsIEdkgRPKGlNOE_vd8,2025-03-20,18:30,,,40f2834c-b960-4da0-acc4-05012dbe3715
ChIJydjklNQEdkgRRkTHmCM_92o,2025-03-15,12:30,,,410a0972-c31c-4367-82d4-6f98e72fd8f4
ChIJUwpZMtQEdkgRn2Lk66iFwZo,2025-06-25,17:30:00,2025-01-02 17:30:34+00,2025-01-02 17:30:34+00,4236cb57-3117-463f-9562-e9639a435d27
ChIJmwYTAjMbdkgROz0ItAqwp84,2025-04-19,19:30,,,44e0139e-2000-470b-9ca7-f75fd5c15742
ChIJdfQDVtMadkgRywCRPsP_GiU,2025-03-01,20:00,,,46b7bd37-d401-4f17-a644-eac9de1cab72
ChIJmzVTxtIEdkgRmHnN1lyXkY0,2025-05-15,10:30:00,2025-01-02 17:30:34+00,2025-01-02 17:30:34+00,46fb236f-5be5-44f2-a3bd-184593b55be1
ChIJQdL1JNMEdkgRxbWzk_RxYHI,2025-01-29,21:30:00,2025-01-02 17:30:34+00,2025-01-02 17:30:34+00,474e2b66-4164-47b6-8c80-1e82ca6411ac
ChIJbUnC58oEdkgR4pwzPtYGrbY,2025-03-15,19:30,,,49f7a8fd-130b-4203-90ba-6c6e8d04d3df
ChIJhwEleEsDdkgRnVjBTfuoKAY,2025-02-28,12:00,,,4a4695d1-8008-4728-b3e5-895b607bcf7b
ChIJRXCcCSsbdkgRWngFn-SiwMg,2025-03-05,21:00:00,2025-01-02 17:30:34+00,2025-01-02 17:30:34+00,4c2512ba-7888-4dab-b046-26fd966b5760
ChIJZRN66NIEdkgRkrS87zNISPc,2025-05-27,14:30:00,2025-01-02 17:30:34+00,2025-01-02 17:30:34+00,4d6075b1-7ba9-450b-b638-b907801436b6
ChIJydjklNQEdkgRRkTHmCM_92o,2025-04-10,19:00,,,4db67e35-25ac-44d6-aafb-d9ef34a79f14
ChIJZ7h0_scCdkgR2vK0OaP4dNU,2025-01-11,20:00,,,5309b8e2-0c85-4b6f-ad84-acac06d8da80
ChIJq-uTY_EFdkgRkoi0u3r6miQ,2025-02-04,17:00:00,2025-01-02 17:30:34+00,2025-01-02 17:30:34+00,532e6ebf-9d84-4aae-b387-f3001fa58a8b
ChIJkQ3E6swDdkgRuFY-iKFPZYU,2025-02-20,18:00,,,54384f50-78d0-4498-9e88-46a06a4bb67a
ChIJIWTiZiEDdkgR2BGTzzgcnAc,2025-04-28,11:30:00,2025-01-02 17:30:34+00,2025-01-02 17:30:34+00,55502d4c-a035-4c3c-841a-5dae5d2b5fe3
ChIJnVRkK9QEdkgRz8uiqq2HfjM,2025-06-17,21:30:00,2025-01-02 17:30:34+00,2025-01-02 17:30:34+00,56ba0ce0-5dae-4f64-8fab-0345cca2397d
ChIJkQ3E6swDdkgRuFY-iKFPZYU,2025-02-20,12:00,,,58523944-00d2-40a7-b0f5-eebf7df6e30a
ChIJNzsd-NQEdkgRmrDZyr1DPUg,2025-03-20,19:30,,,58b72b1b-5ed7-49fd-b209-0254afa67c8d
ChIJ2UE2CjMbdkgRSHrfCpzDwXY,2025-04-13,20:00,,,59f822d2-3363-4d7a-8307-3aa7a1b245f1
ChIJrYGa4tIEdkgRGkur5G-08qg,2025-01-13,19:30:00,2025-01-02 17:30:34+00,2025-01-02 17:30:34+00,5a9679aa-819a-4b36-a417-23d8017ddf3b
ChIJpUe2vIYFdkgRleo9cdWJWpE,2025-01-20,20:00:00,2025-01-02 17:30:34+00,2025-01-02 17:30:34+00,5adddab5-ab11-4c3b-be8d-4165111d4bc1
ChIJ9cBDsSsFdkgR79Fc_1y6_cI,2025-03-03,14:00:00,2025-01-02 17:30:34+00,2025-01-02 17:30:34+00,5c9c00aa-2ca6-446e-af02-3b9c3db13d09
ChIJCcjR4K8adkgR9B_UFMGIDt4,2025-04-09,19:00:00,2025-01-02 17:30:34+00,2025-01-02 17:30:34+00,5e1d3811-c330-4097-8fd2-071a8ef7a8fd
ChIJmzVTxtIEdkgRmHnN1lyXkY0,2025-04-05,19:30,,,5ee1aef0-d6a1-4b41-b7bc-2d53994fbb88
ChIJBUYZSiUbdkgR825SXtBpB_c,2025-03-20,08:00:00,2025-01-02 17:30:34+00,2025-01-02 17:30:34+00,6267cfd4-0364-4f5f-a03a-0815b37c3669
ChIJa4kFNsoFdkgRLuOyhQkoBRg,2025-06-16,21:00:00,2025-01-02 17:30:34+00,2025-01-02 17:30:34+00,637ec48b-9871-4215-965c-7c1663c66683
ChIJF0MJqRUFdkgRWsMF6FTENfE,2025-06-29,19:00:00,2025-01-02 17:30:34+00,2025-01-02 17:30:34+00,6466683e-923d-45a3-acda-f2897c1d62b9
ChIJdfQDVtMadkgRywCRPsP_GiU,2025-04-20,18:30,,,65eaa06c-56b5-4897-a56e-300af9cd4606
ChIJT9CESIsPdkgRuv8SRxGDQIU,2025-04-20,17:30:00,2025-01-02 17:30:34+00,2025-01-02 17:30:34+00,66bc7a76-ae4b-4f7a-a02c-7f5480cc1d6e
ChIJkWJjuc0EdkgRqL0ffd2j1aA,2025-04-30,20:00:00,2025-01-02 17:30:34+00,2025-01-02 17:30:34+00,67800ce5-09ee-4290-99d3-2e3aff43b70a
ChIJdfQDVtMadkgRywCRPsP_GiU,2025-02-14,19:00,,,689e9454-75e4-4135-a954-af217d31494a
ChIJHw9kNLYCdkgRQPAAaFm0O5M,2025-05-20,20:30:00,2025-01-02 17:30:34+00,2025-01-02 17:30:34+00,68e5d737-5c7b-4a2a-9a22-2b4c6c9bed45
ChIJ05ipQssEdkgRFQa0UBb-vpQ,2025-03-03,12:30:00,2025-01-02 17:30:34+00,2025-01-02 17:30:34+00,6914e39c-a6c0-43f1-b5c4-c2c37115d277
ChIJhwEleEsDdkgRnVjBTfuoKAY,2025-01-15,13:00:00,2025-01-02 17:30:34+00,2025-01-02 17:30:34+00,6b99d41e-e67c-40b6-872a-92fc1e3a4637
ChIJkQ3E6swDdkgRuFY-iKFPZYU,2025-04-15,13:00,,,6c06ed1c-71df-43ed-a64e-9fe7bbe8dbef
ChIJd-HTxs4adkgRg6b5wim_gUY,2025-01-24,14:30:00,2025-01-02 17:30:34+00,2025-01-02 17:30:34+00,6c73a323-1528-4a21-9be5-684679dc8205
ChIJJ-qvFEcbdkgR22pRnbB9cxY,2025-01-18,13:30:00,2025-01-02 17:30:34+00,2025-01-02 17:30:34+00,6ee7cee1-3e88-4a52-9bfa-98675c66116b
ChIJZRnZ4dwEdkgRy-CoHK7UfPw,2025-04-20,19:00,,,6f0c44b1-dbaf-4f2c-951b-b08df2b47355
ChIJ24yIUy0bdkgR81HVasgZ1ho,2025-03-15,18:00,,,6f4edadb-4684-43d6-aa87-843a677c21ef
ChIJU_kdsHcFdkgRIzU2fm0McoY,2025-02-25,12:00,,,6fd46994-86ed-489d-8a30-76a87e4b380d
ChIJJSEekyoFdkgRLGqXPxdTl1k,2025-02-14,18:30,,,725f1922-c3d9-4745-a37e-9f9e5535629a
ChIJX_OPq9QEdkgRwIpAEYl2RYc,2025-03-16,09:30:00,2025-01-02 17:30:34+00,2025-01-02 17:30:34+00,75ffeb11-b547-4bb4-b4a0-9553d28d9496
ChIJbUnC58oEdkgR4pwzPtYGrbY,2025-04-20,18:30,,,7733c972-ff5c-4060-9e3a-7d67342ee977
ChIJc3N0-EYbdkgRIz0ahxI80KE,2025-01-15,11:30:00,2025-01-02 17:30:34+00,2025-01-02 17:30:34+00,77cbb38a-ba26-49b1-b435-7a6c7fffe665
ChIJJSEekyoFdkgRLGqXPxdTl1k,2025-04-10,20:00,,,78a3aeaf-b624-4db8-99d8-af43e6587f67
ChIJZ7h0_scCdkgR2vK0OaP4dNU,2025-02-15,19:00,,,78efebd3-1603-41e7-8f2e-c488d686f6d0
ChIJydjklNQEdkgRRkTHmCM_92o,2025-02-10,19:30,,,7b336807-32cd-4e73-83e1-0133a6a85dd9
ChIJmwYTAjMbdkgROz0ItAqwp84,2025-04-20,19:00,,,7b9de7b7-e1b3-4281-8f17-62ee399f30e1
ChIJZ7h0_scCdkgR2vK0OaP4dNU,2025-01-11,19:00,,,7bc3c54b-939d-493b-88dd-3a1238e29821
ChIJydjklNQEdkgRRkTHmCM_92o,2025-02-10,19:00,,,7be56d32-fe90-45dd-b94c-f9a94ae8bd86
ChIJz-VvsdMEdkgR1lQfyxijRMw,2025-05-12,11:00:00,2025-01-02 17:30:34+00,2025-01-02 17:30:34+00,7c606d11-74d6-4601-8b04-c314c2c174ab
ChIJydjklNQEdkgRRkTHmCM_92o,2025-04-05,18:30,,,7e9e453b-5fc2-4d75-8961-0c4dbdd10f76
ChIJF0MJqRUFdkgRWsMF6FTENfE,2025-02-15,18:30,,,81588dff-6e6e-4818-84f7-5e1593deaf51
ChIJmzVTxtIEdkgRmHnN1lyXkY0,2025-02-15,19:00,,,820e440b-ada3-4eb2-b108-a7855584b851
ChIJydjklNQEdkgRRkTHmCM_92o,2025-02-10,12:00,,,83b4c926-0ca7-4c1b-a063-8e29156163ad
ChIJwZ9ERisFdkgRA26PtVlwlgQ,2025-02-14,12:00:00,2025-01-02 17:30:34+00,2025-01-02 17:30:34+00,8485bb02-17e5-444a-a535-f6c077a76d34
ChIJydjklNQEdkgR1s6bb7ABkhg,2025-04-10,20:00,,,85a47536-7a71-444c-9769-903403cbea63
ChIJP4ifK9QEdkgRNmLyAs3GJfY,2025-01-13,11:30:00,2025-01-02 17:30:34+00,2025-01-02 17:30:34+00,87610f73-306c-426e-aa1a-c09e83211c7c
ChIJIWTiZiEDdkgR2BGTzzgcnAc,2025-02-01,18:00,,,8a63d69d-9e4e-43d4-9556-f4a72fa071c5
ChIJc8Ucp2kFdkgRWh_fWqV7p7c,2025-02-04,08:00:00,2025-01-02 17:30:34+00,2025-01-02 17:30:34+00,8af839fb-2b64-4fd8-999c-a6fe4dd96c36
ChIJmwYTAjMbdkgROz0ItAqwp84,2025-04-19,17:30,,,8b55eb4f-912e-48fc-835b-c3ccee0ff56c
ChIJ--NV5KcEdkgRhBQJ-YpaAX8,2025-03-10,19:00,,,8b983f06-261b-4bd7-aeea-97880253d1af
ChIJpe4PxL4EdkgR6ZrNfLPwuq4,2025-03-06,15:00:00,2025-01-02 17:30:34+00,2025-01-02 17:30:34+00,8c2014ce-f055-4032-b132-a731dd735479
ChIJF0MJqRUFdkgRWsMF6FTENfE,2025-04-05,19:30,,,8e3aa99a-294c-4a76-a3ee-baed19e8be3f
ChIJ8RopMswadkgR9enaFKp9dHI,2025-03-22,14:30:00,2025-01-02 17:30:34+00,2025-01-02 17:30:34+00,8f23034a-650f-4062-a3f5-29f0e13f65fc
ChIJWdK_w9YEdkgRdu6jPHuHOTo,2025-05-13,16:00:00,2025-01-02 17:30:34+00,2025-01-02 17:30:34+00,91043de7-0589-41a0-acf2-588a47c75287
ChIJRw8qfLkEdkgRzCtaLhTmdqE,2025-03-16,19:30,,,91ec301b-6f45-4b3f-8974-267de352a928
ChIJ2UE2CjMbdkgRSHrfCpzDwXY,2025-04-05,19:00,,,93100986-339d-4672-a882-588e277086fa
ChIJydjklNQEdkgRRkTHmCM_92o,2025-03-15,19:30,,,94ccdee7-c30d-41ad-b7ad-f6644162f39a
ChIJydjklNQEdkgRRkTHmCM_92o,2025-03-15,19:30,,,950af12f-ea07-41c8-9d86-5e881dd77c3f
ChIJmwYTAjMbdkgROz0ItAqwp84,2025-04-20,18:00,,,99564ad8-aa1a-4a06-a3d5-e241f2cd0a22
ChIJNzsd-NQEdkgRmrDZyr1DPUg,2025-03-06,18:30:00,2025-01-02 17:30:34+00,2025-01-02 17:30:34+00,9cd2d564-5900-4050-bb09-635a95a91e41
ChIJa4kFNsoFdkgRLuOyhQkoBRg,2025-04-01,18:00,,,9d32a395-ca1c-4b04-8f17-242a4afa589d
ChIJ6-NV_ssddkgR4SA-qWwY9Kg,2025-02-26,11:00:00,2025-01-02 17:30:34+00,2025-01-02 17:30:34+00,9e069737-3bf6-41ef-a26c-13554bb9fe88
ChIJZ7h0_scCdkgR2vK0OaP4dNU,2025-02-14,18:00,,,9f4d36ea-b4ed-44cd-8fe0-7a03f0e331ad
ChIJU_kdsHcFdkgRIzU2fm0McoY,2025-06-30,08:30:00,2025-01-02 17:30:34+00,2025-01-02 17:30:34+00,9f75884b-9198-40b4-be77-b0f7712f6482
ChIJV9j3pyoFdkgRGVoRgp9w8To,2025-03-28,14:00:00,2025-01-02 17:30:34+00,2025-01-02 17:30:34+00,9fc65fb0-964c-4167-a596-6c387e061f6c
ChIJdaV-gysbdkgRDaPXITKAxJI,2025-03-19,17:30:00,2025-01-02 17:30:34+00,2025-01-02 17:30:34+00,a02ed5f0-a772-41b9-82ce-a076f25c3ab1
ChIJeU02ZoobdkgRwndbVajk-FU,2025-04-07,21:30:00,2025-01-02 17:30:34+00,2025-01-02 17:30:34+00,a02f0112-6b09-4187-ac96-544c6a1558db
ChIJD8g7_ncddkgRdApT5-2TpKA,2025-05-26,20:30:00,2025-01-02 17:30:34+00,2025-01-02 17:30:34+00,a1a782fb-973c-4ff7-86f3-306ce51af28d
ChIJYQOYkFUFdkgRM89bjMVam0I,2025-05-03,20:00:00,2025-01-02 17:30:34+00,2025-01-02 17:30:34+00,a28eff06-dee1-4459-a511-56351a1473a6
ChIJeRmWQaMEdkgRxzs1yBsmrSQ,2025-06-21,15:00:00,2025-01-02 17:30:34+00,2025-01-02 17:30:34+00,a34c5790-288b-436f-9b51-7aa06614e520
ChIJLaauA8wDdkgRGVE0i0rpKRA,2025-04-25,12:30:00,2025-01-02 17:30:34+00,2025-01-02 17:30:34+00,a3db8cb0-660e-4b70-82f7-cb2286dfc522
ChIJZ7h0_scCdkgR2vK0OaP4dNU,2025-02-14,19:00,,,a54b97df-178e-4207-968f-696a02b8dba0
ChIJydjklNQEdkgRRkTHmCM_92o,2025-03-21,16:00:00,2025-01-02 17:30:34+00,2025-01-02 17:30:34+00,a5d6a32d-a2e9-4541-a938-76776d843f39
ChIJQzu8RIsPdkgR2uLo3f5W_CM,2025-06-01,17:00:00,2025-01-02 17:30:34+00,2025-01-02 17:30:34+00,a8d633e8-277a-44ee-8ed8-9204966a4ef2
ChIJbSjDztIEdkgR0eKvAlfB0WA,2025-05-13,09:00:00,2025-01-02 17:30:34+00,2025-01-02 17:30:34+00,a9412814-7b1d-4403-a0f2-0bbcb18c8756
ChIJ53rpr28FdkgRzn7PkYvU6Go,2025-02-20,14:00:00,2025-01-02 17:30:34+00,2025-01-02 17:30:34+00,aadb6f27-ebe8-47cd-ac06-a48f17871581
ChIJLaauA8wDdkgRGVE0i0rpKRA,2025-03-06,18:30,,,ab6b4f48-155b-4c90-bef5-b070c2b8634f
ChIJBTEZdyobdkgRA0nUTxi8Wes,2025-04-17,16:00:00,2025-01-02 17:30:34+00,2025-01-02 17:30:34+00,ac8d37fe-2caa-4298-849d-104407073c57
ChIJFW4pGcQbdkgR-vy8ErudCyo,2025-03-11,19:00,,,acd01b38-63d5-4507-ad1c-d55f2dde52e5
ChIJydjklNQEdkgR1s6bb7ABkhg,2025-03-15,19:00,,,adc30ff0-b3f3-4637-a2b7-622038443e0d
ChIJ2UE2CjMbdkgRSHrfCpzDwXY,2025-04-25,13:00:00,2025-01-02 17:30:34+00,2025-01-02 17:30:34+00,ae108fe7-ccb0-4c29-91ad-23bf23c3663e
ChIJT-hzcqQbdkgROZz0JoVygq8,2025-04-07,15:00:00,2025-01-02 17:30:34+00,2025-01-02 17:30:34+00,b0f95c99-4ee0-46e0-aff9-e839f4721218
ChIJF0MJqRUFdkgRWsMF6FTENfE,2025-03-01,19:00,,,b1f6005a-d574-4f6d-81e2-74ed548d61c7
ChIJhfAKn9QEdkgRBBKDiFubnrA,2025-04-29,19:30:00,2025-01-02 17:30:34+00,2025-01-02 17:30:34+00,b207eb13-b99e-4824-94b5-89c10fce3076
ChIJJSEekyoFdkgRLGqXPxdTl1k,2025-05-06,16:30:00,2025-01-02 17:30:34+00,2025-01-02 17:30:34+00,b26de4cb-d9db-4524-acd4-3697592eb8ec
ChIJr1bQJKAbdkgRgMRxFISeVb4,2025-01-21,11:00:00,2025-01-02 17:30:34+00,2025-01-02 17:30:34+00,b3d597b0-123c-4e7d-80fe-3c74a33143bc
ChIJh8IKCiwbdkgRiefHU7gpZfU,2025-03-03,11:30:00,2025-01-02 17:30:34+00,2025-01-02 17:30:34+00,b56900af-481f-4278-b671-e7b87daaf9b3
ChIJiYjWsdUEdkgRF9gDUUHqQl4,2025-01-31,22:30:00,2025-01-02 17:30:34+00,2025-01-02 17:30:34+00,b6b2ca84-70c0-485c-8c05-8e75a8c0fe63
ChIJa4kFNsoFdkgRLuOyhQkoBRg,2025-04-03,20:00,,,b7fe3801-0ba3-46e5-9a40-2a867b9ca70a
ChIJFW4pGcQbdkgR-vy8ErudCyo,2025-03-10,18:00,,,ba5e7a16-75b4-4a47-be89-5334527120fd
ChIJbUnC58oEdkgR4pwzPtYGrbY,2025-02-14,19:00,,,bb7c7371-4f86-46db-9982-a3194b4d96b3
ChIJhwEleEsDdkgRnVjBTfuoKAY,2025-04-15,19:00,,,bd9507ce-f836-4fcd-b0b5-25760fc6c069
ChIJQZwYi80EdkgR58WSdE7oUro,2025-04-24,15:00:00,2025-01-02 17:30:34+00,2025-01-02 17:30:34+00,bdf8cfb9-5b14-44ac-91f6-d7aaeb4f22d9
ChIJxZXYx7cEdkgRdgAOZ6OHOJw,2025-05-03,14:30:00,2025-01-02 17:30:34+00,2025-01-02 17:30:34+00,bf544c32-c3b3-438f-b0ed-b376f12d0bb4
ChIJIWTiZiEDdkgR2BGTzzgcnAc,2025-02-01,20:00,,,bfecdd54-7f15-4121-ad75-a45996d76509
ChIJAyUgv9QEdkgRn5HRBvUrTSo,2025-05-16,20:30:00,2025-01-02 17:30:34+00,2025-01-02 17:30:34+00,bff2f878-4687-4957-9c80-ac43e17dbb11
ChIJRw8qfLkEdkgRzCtaLhTmdqE,2025-03-15,18:00,,,c0c47205-71b3-4180-b621-549d0c5545a6
ChIJydjklNQEdkgR1s6bb7ABkhg,2025-04-06,14:00:00,2025-01-02 17:30:34+00,2025-01-02 17:30:34+00,c1a6494b-9eff-4466-866b-c87f856e9419
ChIJJSEekyoFdkgRLGqXPxdTl1k,2025-03-01,19:00,,,c1dd897d-db58-49e4-bf66-e6e1c73ee768
ChIJmwYTAjMbdkgROz0ItAqwp84,2025-04-17,22:30:00,2025-01-02 17:30:34+00,2025-01-02 17:30:34+00,c34699a1-39eb-4000-b304-a2b8e3057469
ChIJa4kFNsoFdkgRLuOyhQkoBRg,2025-04-01,19:00,,,c3b79bb3-e081-400a-8b3a-81054008a081
ChIJZRnZ4dwEdkgRy-CoHK7UfPw,2025-06-22,10:30:00,2025-01-02 17:30:34+00,2025-01-02 17:30:34+00,c490ded8-f4f8-4e32-b510-70204d9a71b2
ChIJJeCjOsoadkgR_CHH-Y1QEUc,2025-01-02,08:30:00,2025-01-02 17:30:34+00,2025-01-02 17:30:34+00,c492e7af-52df-4edc-a6d4-b2c2cddfcc8f
ChIJIWTiZiEDdkgR2BGTzzgcnAc,2025-02-02,19:00,,,c49db01c-4c53-4961-bf3d-75436a862b55
ChIJa4kFNsoFdkgRLuOyhQkoBRg,2025-04-02,19:30,,,c7164560-0f5a-4655-a64e-89c1761601ea
ChIJY3boyNIEdkgRNE2VayvElt8,2025-03-19,08:00:00,2025-01-02 17:30:34+00,2025-01-02 17:30:34+00,c8ba5b9c-9895-495b-8ae9-05b7f26a53d3
ChIJP-jsFaIFdkgRHUClafzDa2w,2025-01-28,09:00:00,2025-01-02 17:30:34+00,2025-01-02 17:30:34+00,ca723e5f-95b1-48d2-826a-53ccdadaeb32
ChIJZ7h0_scCdkgR2vK0OaP4dNU,2025-02-28,19:30,,,cc654aad-fa23-42e3-8bc7-bfe20a85dd7e
ChIJZ7h0_scCdkgR2vK0OaP4dNU,2025-02-14,18:30,,,cd85d89b-2334-4ce6-978e-36f7d1f17350
ChIJ27sOgusPdkgRWS98qRmEHWI,2025-06-08,22:00:00,2025-01-02 17:30:34+00,2025-01-02 17:30:34+00,d0103833-7777-4a3d-9c4f-508d9e7ca03a
ChIJqeYp3NIEdkgRl9hMI8pRL8U,2025-03-18,09:30:00,2025-01-02 17:30:34+00,2025-01-02 17:30:34+00,d237211e-ee8c-4582-b4a5-b2af3956b656
ChIJ2UE2CjMbdkgRSHrfCpzDwXY,2025-04-05,18:00,,,d4afd0c1-88a9-4606-8077-063223c69fe6
ChIJBdlbF9MEdkgR-40DrDkxq84,2025-02-03,17:00:00,2025-01-02 17:30:34+00,2025-01-02 17:30:34+00,d4dfa70e-7cff-4477-b03d-4d84b09ca244
ChIJfcEFmtMEdkgR9pwP7Z6jOko,2025-04-05,16:00:00,2025-01-02 17:30:34+00,2025-01-02 17:30:34+00,d651391c-94a9-45c0-b844-58edda0a1aae
ChIJTYu2LVcDdkgR9ubhY4KIqFw,2025-06-08,16:30:00,2025-01-02 17:30:34+00,2025-01-02 17:30:34+00,d6828d25-fb05-4225-9fbb-a7d8c582ac5e
ChIJRVW8kkIFdkgR1h19Acj9tbw,2025-03-05,20:00:00,2025-01-02 17:30:34+00,2025-01-02 17:30:34+00,d68fdb3a-446c-4410-ab2f-2e3c55881f97
ChIJydjklNQEdkgRRkTHmCM_92o,2025-02-10,12:00,,,d6e76ea5-b3d0-46a9-b7f0-36a1da042453
ChIJqwx2nvwPdkgRVXDViwUBCzg,2025-04-02,09:30:00,2025-01-02 17:30:34+00,2025-01-02 17:30:34+00,d7bc65b5-c2b7-4e45-b195-b06aecad757e
ChIJZRnZ4dwEdkgRy-CoHK7UfPw,2025-03-15,18:30,,,d9181a91-d8ce-4c17-b183-6ea216e2c832
ChIJdfQDVtMadkgRywCRPsP_GiU,2025-06-23,14:30:00,2025-01-02 17:30:34+00,2025-01-02 17:30:34+00,d990dcae-dddd-4da8-a954-faf0759cdca6
ChIJaUMmwNQEdkgRsykOy8Kl_z0,2025-05-18,12:00:00,2025-01-02 17:30:34+00,2025-01-02 17:30:34+00,dbdbf2bb-1ab6-4ad7-8779-d8ed1b0b317c
ChIJq-4-ydQEdkgReyR0nBp-_0E,2025-03-29,20:30:00,2025-01-02 17:30:34+00,2025-01-02 17:30:34+00,e1afe8cd-be6b-436d-935f-978a4aed24e1
ChIJLaauA8wDdkgRGVE0i0rpKRA,2025-03-03,18:00,,,e2d7310c-82d3-4b8c-89a8-3baf38ed75a4
ChIJU_kdsHcFdkgRIzU2fm0McoY,2025-03-10,13:00,,,e4af5a66-d8ca-48b7-a0b6-0151ffce423e
ChIJv2nJxtIEdkgR5BVDRcOlpog,2025-02-09,10:00:00,2025-01-02 17:30:34+00,2025-01-02 17:30:34+00,e67bbe45-883a-4d96-bc82-3d338b83d4b7
ChIJaeMWvsIEdkgRPKGlNOE_vd8,2025-01-26,13:30:00,2025-01-02 17:30:34+00,2025-01-02 17:30:34+00,e7256fef-9a75-4374-9c78-8af046c1ae14
ChIJZRnZ4dwEdkgRy-CoHK7UfPw,2025-02-09,12:30,,,e76f6809-5334-4155-8e7d-1d017937ed5a
ChIJ24yIUy0bdkgR81HVasgZ1ho,2025-01-07,13:00:00,2025-01-02 17:30:34+00,2025-01-02 17:30:34+00,e8a4093a-dedf-428c-a95d-872f8b2bba1c
ChIJaeMWvsIEdkgRPKGlNOE_vd8,2025-04-20,19:30,,,ea1cece6-42e4-4d10-89c3-5efcdbad56be
ChIJVUIwx80EdkgRoJcAipJhY7E,2025-05-04,08:30:00,2025-01-02 17:30:34+00,2025-01-02 17:30:34+00,eba69c3d-61d5-46ab-8157-193346ea6cd5
ChIJ--NV5KcEdkgRhBQJ-YpaAX8,2025-03-29,18:30:00,2025-01-02 17:30:34+00,2025-01-02 17:30:34+00,ebf4cfd3-05d3-41e5-a69d-735aaeb48ea6
ChIJzRXzJp8ddkgRRd3UpcCuE4s,2025-05-07,09:00:00,2025-01-02 17:30:34+00,2025-01-02 17:30:34+00,ec0e9f83-7b06-4c4c-a1ab-e01d31d01c71
ChIJIWTiZiEDdkgR2BGTzzgcnAc,2025-01-11,19:30,,,ed15be3f-3b67-4a3d-9905-9c489c287aa0
ChIJ1SQoZSwbdkgRX7bLXUu3bIc,2025-04-17,16:00:00,2025-01-02 17:30:34+00,2025-01-02 17:30:34+00,eedf97a5-f0b4-4ceb-9d84-df50f585f7e5
ChIJydjklNQEdkgRRkTHmCM_92o,2025-03-05,12:30,,,efcc6555-fa4c-4310-ad0f-9a8795c6f63f
ChIJIWTiZiEDdkgR2BGTzzgcnAc,2025-02-09,19:00,,,f16499c5-ac7d-4492-ab68-cc388c1d7ad0
ChIJLaauA8wDdkgRGVE0i0rpKRA,2025-01-11,20:00,,,f31f6530-2d74-4571-bf0d-65c53f74fd8e
ChIJ1eoA5k4bdkgRlWOixgRdKHE,2025-05-25,11:30:00,2025-01-02 17:30:34+00,2025-01-02 17:30:34+00,f36c05ca-1191-4287-b171-4461600a018b
ChIJbUnC58oEdkgR4pwzPtYGrbY,2025-01-11,11:00:00,2025-01-02 17:30:34+00,2025-01-02 17:30:34+00,f37b4d5b-d366-4574-895f-c9c231692673
ChIJIWTiZiEDdkgR2BGTzzgcnAc,2025-02-08,18:30,,,f53b2668-4ddb-4ae9-a8fd-8723f3a34e57
ChIJ6_3yMNUEdkgRgYFYwtACqqo,2025-02-03,11:00:00,2025-01-02 17:30:34+00,2025-01-02 17:30:34+00,f5990d8b-7b07-4ed5-96e9-842aec3744d4
ChIJWfylN7oFdkgRFj0ZLuU0aKg,2025-03-14,18:30:00,2025-01-02 17:30:34+00,2025-01-02 17:30:34+00,f8679960-acc5-4d81-8e6e-87a411c2e76a
ChIJydjklNQEdkgRRkTHmCM_92o,2025-04-05,18:30,,,f86f5b7c-9704-41e5-b227-5e0245665dc2
ChIJ24yIUy0bdkgR81HVasgZ1ho,2025-04-01,19:00,,,f88f7469-f842-4687-91c1-bbbbc5417c72
ChIJG-m4hWYbdkgReKE_JgDgSSU,2025-04-03,08:30:00,2025-01-02 17:30:34+00,2025-01-02 17:30:34+00,f967c293-f7e3-4c16-963c-54f8ca98d40f
ChIJydjklNQEdkgRRkTHmCM_92o,2025-02-10,19:00,,,f9a3fcef-36c9-4a8c-94d4-f8a4cc5b3647
ChIJCWgQ38wEdkgROQYuPAFfDRo,2025-03-22,22:30:00,2025-01-02 17:30:34+00,2025-01-02 17:30:34+00,fb2da59b-2ef3-44fb-857c-31b91c31882d
ChIJW7d2YlMDdkgR6xp0JHq_DP4,2025-04-11,09:30:00,2025-01-02 17:30:34+00,2025-01-02 17:30:34+00,fee5ae7c-a2fb-4ac7-a708-be3b4f59ce2c
ChIJb69EMzsbdkgRZrsnaDT-Adk,2025-04-12,11:30:00,2025-01-02 17:30:34+00,2025-01-02 17:30:34+00,ff2efb0c-f14a-4f30-bb0a-e0508f6d7dad