id,name,cuisine_type,country,city,address,rating,business_status,latitude,longitude,price_level,website,created_at,updated_at,location
ChIJ05ipQssEdkgRFQa0UBb-vpQ,Barrafina Drury Lane,Spanish,UK,London,"43 Drury Ln, London",4.5,OPERATIONAL,51.514378,-0.1218053,3,http://www.barrafina.co.uk/,2025-01-03 14:47:47.083095+00,2025-01-03 14:47:47.083095+00,0101000020E610000078BEFAD3A12EBFBF15E46723D7C14940
ChIJ1eoA5k4bdkgRlWOixgRdKHE,Ngon Ngon,Vietnamese,UK,London,"144 Clerkenwell Rd, London",4.6,OPERATIONAL,51.52216,-0.109744,2,https://ngonngon.co.uk/,2025-01-03 14:47:47.083095+00,2025-01-03 14:47:47.083095+00,0101000020E61000003BA6EECA2E18BCBFC2A38D23D6C24940
ChIJ1SQoZSwbdkgRX7bLXUu3bIc,ROKA Charlotte Street,,UK,London,"37 Charlotte St., London W1T 1RR, UK",4.4,OPERATIONAL,51.5189387,-0.1355877,4,,2025-01-03 14:47:47.083095+00,2025-01-03 14:47:47.083095+00,0101000020E6100000B5B39E10F05AC1BF7B9054956CC24940
ChIJ24yIUy0bdkgR81HVasgZ1ho,Flat Iron,Steakhouse,UK,London,"9 Denmark St, London",4.6,OPERATIONAL,51.51516,-0.1295533,2,https://flatironsteak.co.uk/restaurant/tottenham-court-road/,2025-01-03 14:47:47.083095+00,2025-01-03 14:47:47.083095+00,0101000020E610000051604BD93395C0BF8B1A4CC3F0C14940
ChIJ27sOgusPdkgRWS98qRmEHWI,The Tartine Restaurant,French,UK,London,"133A Notting Hill Gate, London",4.6,OPERATIONAL,51.508495,-0.1991115,-1,https://thetartine.co.uk/,2025-01-03 14:47:47.083095+00,2025-01-03 14:47:47.083095+00,0101000020E6100000E4F560527C7CC9BFFB96395D16C14940
ChIJ2UE2CjMbdkgRSHrfCpzDwXY,Pane Cunzato - Italian Pizza Restaurant,Italian,UK,London,"49 Museum St, London",4.5,OPERATIONAL,51.517426,-0.1251003,2,http://www.panecunzato.com/?utm_source=googlemaps&utm_medium=googlemaps-link-profile&utm_campaign=social_media,2025-01-03 14:47:47.083095+00,2025-01-03 14:47:47.083095+00,0101000020E61000000A229C604903C0BFD00CE2033BC24940
ChIJ2wsNyakddkgRnCzgzgPUtqI,Babel Grill House,Lebanese,UK,London,"40 Brick Ln, London",4.7,OPERATIONAL,51.518288,-0.0711429,2,http://www.babelgrillhouse.co.uk/,2025-01-03 14:47:47.083095+00,2025-01-03 14:47:47.083095+00,0101000020E610000087B4D7CC6B36B2BF62F4DC4257C24940
ChIJ6_3yMNUEdkgRgYFYwtACqqo,Liberty London,,UK,London,"Regent St., Carnaby, London W1B 5AH, UK",4.5,OPERATIONAL,51.5138717,-0.1400263,4,,2025-01-03 14:47:47.083095+00,2025-01-03 14:47:47.083095+00,0101000020E6100000AA398ABD61ECC1BF83EB408CC6C14940
ChIJ6-NV_ssddkgR4SA-qWwY9Kg,Taste of Jaipur,Indian,UK,London,"74 Brick Ln, London",4.7,OPERATIONAL,51.51902,-0.0714172,-1,https://tasteofjaipur.co.uk/,2025-01-03 14:47:47.083095+00,2025-01-03 14:47:47.083095+00,0101000020E610000043345FCA6548B2BF26FC523F6FC24940
ChIJ8RopMswadkgR9enaFKp9dHI,Anacapri,Italian,UK,London,"10 Dorset St, London",4.4,OPERATIONAL,51.51962,-0.1558095,-1,,2025-01-03 14:47:47.083095+00,2025-01-03 14:47:47.083095+00,0101000020E61000007AFB73D190F1C3BF7C2C7DE882C24940
ChIJ9cBDsSsFdkgR79Fc_1y6_cI,Umu Restaurant,,UK,London,"14-16 Bruton Pl, London W1J 6LX, UK",4.2,OPERATIONAL,51.5113865,-0.1444028,4,,2025-01-03 14:47:47.083095+00,2025-01-03 14:47:47.083095+00,0101000020E6100000C2B4B97BCA7BC2BFD68EE21C75C14940
ChIJa4kFNsoFdkgRLuOyhQkoBRg,VyTA Covent Garden,Italian,UK,London,"21 The Market, London",4.5,OPERATIONAL,51.51163,-0.1229428,-1,http://www.vytacoventgarden.co.uk/,2025-01-03 14:47:47.083095+00,2025-01-03 14:47:47.083095+00,0101000020E6100000D75647E92D79BFBF84D382177DC14940
ChIJaeMWvsIEdkgRPKGlNOE_vd8,Sapori,Italian,UK,London,"60 Horseferry Rd, London",4.6,OPERATIONAL,51.49497,-0.1277006,1,,2025-01-03 14:47:47.083095+00,2025-01-03 14:47:47.083095+00,0101000020E610000066FC56467E58C0BF25404D2D5BBF4940
ChIJaUMmwNQEdkgRsykOy8Kl_z0,Tapas Brindisa Soho,,UK,London,"46 Broadwick St, London W1F 7AE, UK",4.3,OPERATIONAL,51.5135116,-0.1365615,2,,2025-01-03 14:47:47.083095+00,2025-01-03 14:47:47.083095+00,0101000020E6100000204432E4D87AC1BFEE0E84BFBAC14940
ChIJAyUgv9QEdkgRn5HRBvUrTSo,Barrio - Soho,,UK,London,"6 Poland St, London W1F 8PS, UK",4.2,OPERATIONAL,51.5141569,-0.1366085,2,,2025-01-03 14:47:47.083095+00,2025-01-03 14:47:47.083095+00,0101000020E6100000D384ED27637CC1BFA241AFE4CFC14940
ChIJb69EMzsbdkgRZrsnaDT-Adk,Albertini Restaurant,Italian,UK,London,"16-20 Chalton St, London",4.6,OPERATIONAL,51.528843,-0.1289746,2,http://www.albertini.co.uk/,2025-01-03 14:47:47.083095+00,2025-01-03 14:47:47.083095+00,0101000020E610000016E1815C3D82C0BFF9DB9E20B1C34940
ChIJBdlbF9MEdkgR-40DrDkxq84,Honest Burgers Meard Street - Soho,,UK,London,"4a Meard St, London W1F 0EF, UK",4.5,OPERATIONAL,51.5134184,-0.1328839,2,,2025-01-03 14:47:47.083095+00,2025-01-03 14:47:47.083095+00,0101000020E6100000921C55F25602C1BF1395B2B1B7C14940
ChIJbSjDztIEdkgR0eKvAlfB0WA,Jazz After Dark Ltd,,UK,London,"9 Greek St, London W1D 4DQ, UK",3.9,OPERATIONAL,51.5145125,-0.1309978,2,,2025-01-03 14:47:47.083095+00,2025-01-03 14:47:47.083095+00,0101000020E610000096896C3189C4C0BF0D71AC8BDBC14940
ChIJBTEZdyobdkgRA0nUTxi8Wes,Riding House Fitzrovia,,UK,London,"43-51 Great Titchfield St., London W1W 7PQ, UK",4.2,OPERATIONAL,51.5183145,-0.1406117,2,,2025-01-03 14:47:47.083095+00,2025-01-03 14:47:47.083095+00,0101000020E6100000E0AC776E90FFC1BF7445292158C24940
ChIJbUnC58oEdkgR4pwzPtYGrbY,Rules,British,UK,London,"34-35 Maiden Ln, London",4.6,OPERATIONAL,51.510834,-0.1231694,4,http://www.rules.co.uk/,2025-01-03 14:47:47.083095+00,2025-01-03 14:47:47.083095+00,0101000020E61000007931DEA00788BFBFAAD72D0263C14940
ChIJBUYZSiUbdkgR825SXtBpB_c,Number Twelve,Italian,UK,London,"12 Upper Woburn Pl, London",4,OPERATIONAL,51.526546,-0.1297007,2,http://www.numbertwelverestaurant.co.uk/,2025-01-03 14:47:47.083095+00,2025-01-03 14:47:47.083095+00,0101000020E6100000E4576254089AC0BF79EBFCDB65C34940
ChIJc8Ucp2kFdkgRWh_fWqV7p7c,Patara South Kensington,Thai,UK,London,"181 Fulham Rd., London",4.5,OPERATIONAL,51.491478,-0.1721695,3,https://www.pataralondon.com/,2025-01-03 14:47:47.083095+00,2025-01-03 14:47:47.083095+00,0101000020E6100000A530EF71A609C6BF0C5A48C0E8BE4940
ChIJccCB58cFdkgRHjsYhuZD7Dk,Emideli Restaurant,Italian,UK,London,"45 Tachbrook St, London",4.8,OPERATIONAL,51.492046,-0.1382032,-1,,2025-01-03 14:47:47.083095+00,2025-01-03 14:47:47.083095+00,0101000020E610000011ED1978A4B0C1BF5610035DFBBE4940
ChIJCcjR4K8adkgR9B_UFMGIDt4,Cafe Laville,Italian,UK,London,"453 Edgware Rd, London",4.2,OPERATIONAL,51.524532,-0.1769915,2,http://www.cafelaville.co.uk/,2025-01-03 14:47:47.083095+00,2025-01-03 14:47:47.083095+00,0101000020E610000009C21550A8A7C6BF4DDA54DD23C34940
ChIJc-VeqdUEdkgRwPfJcBdyOFs,Myung Ga Korean Restaurant,Korean,UK,London,"1 Kingly St, Carnaby, London W1B 5PA, UK",4.3,OPERATIONAL,51.5120719,-0.1384794,2,,2025-01-03 14:47:47.083095+00,2025-01-03 14:47:47.083095+00,0101000020E6100000CFB81567B1B9C1BFADD96F928BC14940
ChIJcwdcIfkcdkgR68phoHpxWis,Clapton Table,British,UK,London,"159 Lower Clapton Rd, London",4.4,OPERATIONAL,51.55406,-0.054171,2,https://web.dojo.app/create_booking/vendor/lDK7rtiPbpLHS4_ciBcADrTnu27oU80hdeLIh9K0-tA_restaurant,2025-01-03 14:47:47.083095+00,2025-01-03 14:47:47.083095+00,0101000020E6100000E481C8224DBCABBFC9022670EBC64940
ChIJCWgQ38wEdkgROQYuPAFfDRo,Hawksmoor Seven Dials,,UK,London,"11 Langley St, London WC2H 9JG, UK",4.5,OPERATIONAL,51.5134879,-0.1257456,3,,2025-01-03 14:47:47.083095+00,2025-01-03 14:47:47.083095+00,0101000020E6100000BCD5CE8B6E18C0BF24B2B4F8B9C14940
ChIJD8g7_ncddkgRdApT5-2TpKA,Nom Nom Restaurant,Thai,UK,London,"134 F-G, Kingsland Rd, London",4.7,OPERATIONAL,51.531185,-0.0768574,1,https://www.nemnoms.co.uk/,2025-01-03 14:47:47.083095+00,2025-01-03 14:47:47.083095+00,0101000020E610000093A17433EDACB3BF1990BDDEFDC34940
ChIJdaV-gysbdkgRDaPXITKAxJI,Nordic Bar,,UK,London,"25 Newman St, London W1T 1PN, UK",4.1,OPERATIONAL,51.5178838,-0.1356424,2,,2025-01-03 14:47:47.083095+00,2025-01-03 14:47:47.083095+00,0101000020E6100000BEB8F9EBBA5CC1BF691030044AC24940
ChIJDeDVUNMEdkgRCQEnhHzXv1g,Inamo,,UK,London,"134-136 Wardour St, London W1F 8ZS, UK",4.3,OPERATIONAL,51.5144623,-0.1345384,3,,2025-01-03 14:47:47.083095+00,2025-01-03 14:47:47.083095+00,0101000020E6100000763007E68D38C1BF31C390E6D9C14940
ChIJdfQDVtMadkgRywCRPsP_GiU,Beast,Steakhouse,UK,London,"3 Chapel Pl, London",4.6,OPERATIONAL,51.51517,-0.1467874,4,https://www.beastrestaurant.com/london/?utm_source=google&utm_medium=local&utm_campaign=gmblisting,2025-01-03 14:47:47.083095+00,2025-01-03 14:47:47.083095+00,0101000020E6100000E0803BF5EDC9C2BFAEF02E17F1C14940
ChIJeRmWQaMEdkgRxzs1yBsmrSQ,Paladar,Cuban,UK,London,"4-5 London Rd, London",4.7,OPERATIONAL,51.498165,-0.1043201,2,http://paladarlondon.com/,2025-01-03 14:47:47.083095+00,2025-01-03 14:47:47.083095+00,0101000020E61000004EC1D0D9B8B4BABF8481E7DEC3BF4940
ChIJeU02ZoobdkgRwndbVajk-FU,Hoa Sen Vietnamese Street Food Restaurant,Vietnamese,UK,London,"22 Drury Ln, London",4.4,OPERATIONAL,51.51523,-0.1231306,2,https://www.hoasen.co.uk/,2025-01-03 14:47:47.083095+00,2025-01-03 14:47:47.083095+00,0101000020E61000001A0923AC7C85BFBF84F57F0EF3C14940
ChIJF0MJqRUFdkgRWsMF6FTENfE,The Five Fields,British,UK,London,"8-9 Blacklands Terrace, London",4.7,OPERATIONAL,51.49171,-0.1612527,4,http://www.fivefieldsrestaurant.com/,2025-01-03 14:47:47.083095+00,2025-01-03 14:47:47.083095+00,0101000020E6100000332372B0EDA3C4BFDE8E705AF0BE4940
ChIJfcEFmtMEdkgR9pwP7Z6jOko,Bocca di Lupo,,UK,London,"12 Archer St, London W1D 7BB, UK",4.5,OPERATIONAL,51.5116537,-0.13395,3,,2025-01-03 14:47:47.083095+00,2025-01-03 14:47:47.083095+00,0101000020E6100000304CA60A4625C1BF4E3052DE7DC14940
ChIJFW4pGcQbdkgR-vy8ErudCyo,Nonna Selena Pizzeria,Italian,UK,London,"18 Woburn Pl, London",4.6,OPERATIONAL,51.524055,-0.1269185,2,https://nonnaselena.com/,2025-01-03 14:47:47.083095+00,2025-01-03 14:47:47.083095+00,0101000020E6100000B2F1608BDD3EC0BF1327F73B14C34940
ChIJfZ_tiioFdkgRIlznzd6uZTg,Windmill,,UK,London,"6-8 Mill St, London W1S 2AZ, UK",4.5,OPERATIONAL,51.5123809,-0.1421988,2,,2025-01-03 14:47:47.083095+00,2025-01-03 14:47:47.083095+00,0101000020E61000009DE5C3FD9133C2BF2A4C84B295C14940
ChIJG-m4hWYbdkgReKE_JgDgSSU,Mielo Restaurant,French,UK,London,"35 Paddington St, London",4.8,OPERATIONAL,51.520294,-0.1561284,-1,https://mielorestaurant.com/,2025-01-03 14:47:47.083095+00,2025-01-03 14:47:47.083095+00,0101000020E6100000FE07FDF103FCC3BF0B2769FE98C24940
ChIJh8IKCiwbdkgRiefHU7gpZfU,Pied a Terre,,UK,London,"34 Charlotte St., London W1T 2NH, UK",4.4,OPERATIONAL,51.5190723,-0.1351421,4,,2025-01-03 14:47:47.083095+00,2025-01-03 14:47:47.083095+00,0101000020E61000009208E819564CC1BF37610CF670C24940
ChIJhfAKn9QEdkgRBBKDiFubnrA,Yauatcha Soho,,UK,London,"15-17 Broadwick St, London W1F 0DL, UK",4.2,OPERATIONAL,51.513587,-0.1351682,3,,2025-01-03 14:47:47.083095+00,2025-01-03 14:47:47.083095+00,0101000020E6100000A5C63A0B314DC1BF4C530438BDC14940
ChIJHw9kNLYCdkgRQPAAaFm0O5M,Burger & Lobster - West India Quay,Seafood,UK,London,"Hertsmere Rd, London",4.6,OPERATIONAL,51.507496,-0.0223611,2,https://www.burgerandlobster.com/locations/london/west-india-quay/?utm_source=google&utm_medium=local&utm_campaign=gmblisting&y_source=1_NDgxMDI3NjAtNzE1LWxvY2F0aW9uLndlYnNpdGU%3D,2025-01-03 14:47:47.083095+00,2025-01-03 14:47:47.083095+00,0101000020E61000009972CF04D4E596BFE86C01A1F5C04940
ChIJhwEleEsDdkgRnVjBTfuoKAY,Thai Square Minories,Thai,UK,London,"136-138 Minories, London",4.4,OPERATIONAL,51.512367,-0.0756234,2,https://thaisq.com/restaurants/minories/,2025-01-03 14:47:47.083095+00,2025-01-03 14:47:47.083095+00,0101000020E61000009FF4CF1D0E5CB3BF5A46EA3D95C14940
ChIJIWTiZiEDdkgR2BGTzzgcnAc,Legare,Italian,UK,London,"Cardamom Bldg, 31 Shad Thames, Tower Bridge, London",4.7,OPERATIONAL,51.503567,-0.0739796,-1,http://www.legarelondon.com/,2025-01-03 14:47:47.083095+00,2025-01-03 14:47:47.083095+00,0101000020E6100000A63792BA53F0B2BF232C2AE274C04940
ChIJiYjWsdUEdkgRF9gDUUHqQl4,NOPI,,UK,London,"21-22 Warwick St, London W1F 9LD, UK",4.5,OPERATIONAL,51.5117272,-0.1384399,3,,2025-01-03 14:47:47.083095+00,2025-01-03 14:47:47.083095+00,0101000020E6100000C6127B0D66B8C1BFA13CE24680C14940
ChIJJeCjOsoadkgR_CHH-Y1QEUc,Twist Connubio,Italian,UK,London,"42 Crawford St, London",4.5,OPERATIONAL,51.51938,-0.1622964,3,https://mymenuweb.com/uk/restaurants/629866/?utm_source=google_profile&utm_medium=google_profile&utm_campaign=admin,2025-01-03 14:47:47.083095+00,2025-01-03 14:47:47.083095+00,0101000020E6100000A81721E120C6C4BF2619390B7BC24940
ChIJJSEekyoFdkgRLGqXPxdTl1k,Goodman - Mayfair,Steakhouse,UK,London,"24-26 Maddox St, London W1S 1QH, UK",4.7,OPERATIONAL,51.513143,-0.1422646,4,,2025-01-03 14:47:47.083095+00,2025-01-03 14:47:47.083095+00,0101000020E6100000657330F6B935C2BFEE9579ABAEC14940
ChIJKf7L9tUadkgRJj9iN2E5_EM,Gem Langham Court Hotel,,UK,London,"31-35 Langham St, London W1W 6BU, UK",3.8,OPERATIONAL,51.519209,-0.1412084,,,2025-01-03 14:47:47.083095+00,2025-01-03 14:47:47.083095+00,0101000020E610000080D2F5E91D13C2BFF964C57075C24940
ChIJkQ3E6swDdkgRuFY-iKFPZYU,Caravan Canary Wharf Restaurant,British,UK,London,"Reuters Plaza, London",4.3,OPERATIONAL,51.504135,-0.0198311,2,https://caravanandco.com/pages/canary-wharf,2025-01-03 14:47:47.083095+00,2025-01-03 14:47:47.083095+00,0101000020E6100000C35AC6979A4E94BF6DE2E47E87C04940
ChIJLaauA8wDdkgRGVE0i0rpKRA,Cento Alla Torre,Italian,UK,London,"100 Minories, London",4.6,OPERATIONAL,51.51018,-0.0752836,-1,http://www.centoallatorre.com/,2025-01-03 14:47:47.083095+00,2025-01-03 14:47:47.083095+00,0101000020E610000058D6EC37C945B3BF618907944DC14940
ChIJMRl6DLYcdkgRt9E0ECCsVcc,Sheba Restaurant - Awarded Best Curry House In UK,Indian,UK,London,"136 Brick Ln, London",4.6,OPERATIONAL,51.520664,-0.0717127,2,https://www.shebabricklane.com/,2025-01-03 14:47:47.083095+00,2025-01-03 14:47:47.083095+00,0101000020E610000043363575C35BB2BF2E1A321EA5C24940
ChIJmwYTAjMbdkgROz0ItAqwp84,Giotto Italian Restaurant,Italian,UK,London,"Giotto Italian Restaurant, 46-50 New Oxford St, London",4.4,OPERATIONAL,51.51713,-0.1261806,2,http://www.giottolondon.com/,2025-01-03 14:47:47.083095+00,2025-01-03 14:47:47.083095+00,0101000020E61000004DE03197AF26C0BFE7E3DA5031C24940
ChIJmzVTxtIEdkgRmHnN1lyXkY0,Patara Soho,Thai,UK,London,"15 Greek St, London W1D 4DP, UK",4.4,OPERATIONAL,51.5141736,-0.1307411,3,,2025-01-03 14:47:47.083095+00,2025-01-03 14:47:47.083095+00,0101000020E6100000C61C5FD61FBCC0BFB93BC670D0C14940
ChIJNber-dQEdkgRJU94MkU7qTA,Polpo,Italian,UK,London,"41 Beak St, Carnaby, London W1F 9SB, UK",4.2,OPERATIONAL,51.5124853,-0.1375959,2,,2025-01-03 14:47:47.083095+00,2025-01-03 14:47:47.083095+00,0101000020E6100000E0264811BE9CC1BF2397491E99C14940
ChIJ--NV5KcEdkgRhBQJ-YpaAX8,Lupins,British,UK,London,"66 Union St, London",4.5,OPERATIONAL,51.504124,-0.0950366,2,http://www.lupinslondon.com/,2025-01-03 14:47:47.083095+00,2025-01-03 14:47:47.083095+00,0101000020E6100000EE4BEC905154B8BF79909E2287C04940
ChIJnVRkK9QEdkgRz8uiqq2HfjM,Veeraswamy,Indian,UK,London,"Victory House, 99 Regent St., London W1B 4RS, UK",4.3,OPERATIONAL,51.509983,-0.1378045,3,,2025-01-03 14:47:47.083095+00,2025-01-03 14:47:47.083095+00,0101000020E6100000CCED5EEE93A3C1BF0B42791F47C14940
ChIJNzsd-NQEdkgRmrDZyr1DPUg,Bob Bob Ricard Soho,French,UK,London,"1 Upper James St, London W1F 9DF, UK",4.4,OPERATIONAL,51.51233,-0.1372525,4,,2025-01-03 14:47:47.083095+00,2025-01-03 14:47:47.083095+00,0101000020E6100000A8A9656B7D91C1BF3D61890794C14940
ChIJP4ifK9QEdkgRNmLyAs3GJfY,Gaucho Piccadilly,Steakhouse,UK,London,"25 Swallow St, London W1B 4QR, UK",4.4,OPERATIONAL,51.5097608,-0.1379257,3,,2025-01-03 14:47:47.083095+00,2025-01-03 14:47:47.083095+00,0101000020E6100000779263A18CA7C1BF336486D73FC14940
ChIJP8v1-tIEdkgRAdetOMmCKDg,Gauthier Soho,,UK,London,"21 Romilly St, London W1D 5AF, UK",4.6,OPERATIONAL,51.5127783,-0.1314676,3,,2025-01-03 14:47:47.083095+00,2025-01-03 14:47:47.083095+00,0101000020E6100000EBE63D29EED3C0BF9B4C26B8A2C14940
ChIJpe4PxL4EdkgR6ZrNfLPwuq4,Florentine Trattoria,Italian,UK,London,"6 Hercules Rd, London",4.2,OPERATIONAL,51.498055,-0.1133333,2,https://www.parkplazalondonwaterloo.com/restaurant-bar/florentine/,2025-01-03 14:47:47.083095+00,2025-01-03 14:47:47.083095+00,0101000020E6100000CA390C416903BDBFFD4D2844C0BF4940
ChIJpUe2vIYFdkgRleo9cdWJWpE,Baba Ghanouj Kensington,Lebanese,UK,London,"105 Gloucester Rd, London",4.7,OPERATIONAL,51.49384,-0.1819868,2,https://www.babaghanouj.co.uk/,2025-01-03 14:47:47.083095+00,2025-01-03 14:47:47.083095+00,0101000020E610000068DF26ED574BC7BF73BA2C2636BF4940
ChIJPUeOndMEdkgRus43ScQicz8,Randall & Aubin,,UK,London,"16 Brewer St, London W1F 0SQ, UK",4.6,OPERATIONAL,51.5123279,-0.1341322,3,,2025-01-03 14:47:47.083095+00,2025-01-03 14:47:47.083095+00,0101000020E610000087962B723E2BC1BF08AAEBF593C14940
ChIJQdL1JNMEdkgRxbWzk_RxYHI,Quo Vadis,,UK,London,"26-29 Dean St, London W1D 3LL, UK",4.4,OPERATIONAL,51.5141128,-0.1326476,4,,2025-01-03 14:47:47.083095+00,2025-01-03 14:47:47.083095+00,0101000020E6100000354AF2B798FAC0BF3D3ABF72CEC14940
ChIJqeYp3NIEdkgRl9hMI8pRL8U,Barrafina Dean Street,,UK,London,"26-27 Dean St, London W1D 3LL, UK",4.5,OPERATIONAL,51.51411,-0.1326671,3,,2025-01-03 14:47:47.083095+00,2025-01-03 14:47:47.083095+00,0101000020E610000023A9E04B3CFBC0BFF645425BCEC14940
ChIJq-uTY_EFdkgRkoi0u3r6miQ,Eli’s,American,UK,London,"6-8 Bute St, London",4.6,OPERATIONAL,51.4935,-0.1760596,-1,http://www.elisrestaurant.co.uk/,2025-01-03 14:47:47.083095+00,2025-01-03 14:47:47.083095+00,0101000020E6100000B5CB12F81E89C6BFBA490C022BBF4940
ChIJqwx2nvwPdkgRVXDViwUBCzg,Portobello Ristorante Pizzeria,Italian,UK,London,"7 Ladbroke Rd, London",4.5,OPERATIONAL,51.50964,-0.1980322,2,http://portobellolondon.co.uk/,2025-01-03 14:47:47.083095+00,2025-01-03 14:47:47.083095+00,0101000020E6100000FC07477F1E59C9BFE15D2EE23BC14940
ChIJQzu8RIsPdkgR2uLo3f5W_CM,No.10 Restaurant 上海10號,Chinese,UK,London,"10 Hogarth Pl, London",4.6,OPERATIONAL,51.49294,-0.1928248,-1,https://www.no10restaurant.com/,2025-01-03 14:47:47.083095+00,2025-01-03 14:47:47.083095+00,0101000020E610000073CAEDA87BAEC8BFF3716DA818BF4940
ChIJQZwYi80EdkgR58WSdE7oUro,Cork & Bottle Wine Bar Leicester Square,,UK,London,"44-46 Cranbourn St, London WC2H 7AN, UK",4.5,OPERATIONAL,51.5111226,-0.1289663,2,,2025-01-03 14:47:47.083095+00,2025-01-03 14:47:47.083095+00,0101000020E6100000BD9F64BCF781C0BF8D9F21776CC14940
ChIJr1bQJKAbdkgRgMRxFISeVb4,Fare,British,UK,London,"11 Old St, London",4.4,OPERATIONAL,51.523598,-0.0980597,2,https://www.farelondon.com/,2025-01-03 14:47:47.083095+00,2025-01-03 14:47:47.083095+00,0101000020E6100000EA398EC4701AB9BF21205F4205C34940
ChIJRVW8kkIFdkgR1h19Acj9tbw,Pierino,Italian,UK,London,"37 Thurloe Pl, London",4.3,OPERATIONAL,51.49511,-0.174019,2,https://pierinorestaurant.com/,2025-01-03 14:47:47.083095+00,2025-01-03 14:47:47.083095+00,0101000020E6100000D3F9F02C4146C6BF16F6B4C35FBF4940
ChIJRw8qfLkEdkgRzCtaLhTmdqE,La Barca Ristorante,Italian,UK,London,"80-81 Lower Marsh, London",4.6,OPERATIONAL,51.501774,-0.111001,3,http://www.labarca-ristorante.com/,2025-01-03 14:47:47.083095+00,2025-01-03 14:47:47.083095+00,0101000020E610000087C3D2C08F6ABCBFD6FD63213AC04940
ChIJRXCcCSsbdkgRWngFn-SiwMg,Long Bar,,UK,London,"50 Berners St, London W1T 3NG, UK",4.3,OPERATIONAL,51.5174738,-0.1372109,,,2025-01-03 14:47:47.083095+00,2025-01-03 14:47:47.083095+00,0101000020E610000013CE13742090C1BFB7C4DB943CC24940
ChIJrYGa4tIEdkgRGkur5G-08qg,Cay Tre Soho,Vietnamese,UK,London,"42-43 Dean St, London W1D 4PZ, UK",4.1,OPERATIONAL,51.5132694,-0.1320391,2,,2025-01-03 14:47:47.083095+00,2025-01-03 14:47:47.083095+00,0101000020E6100000FD892540A8E6C0BFCE84CBCFB2C14940
ChIJt0fSL9UEdkgRNbF25sXGuEk,Ping Pong,,UK,London,"45 Great Marlborough St, Carnaby, London W1F 7JL, UK",4.1,OPERATIONAL,51.5142512,-0.138644,2,,2025-01-03 14:47:47.083095+00,2025-01-03 14:47:47.083095+00,0101000020E610000018B0E42A16BFC1BFE1F6BAFBD2C14940
ChIJT9CESIsPdkgRuv8SRxGDQIU,Pizza Piccolo Restaurant,Italian,UK,London,"18 Hogarth Pl, London",4.3,OPERATIONAL,51.493237,-0.1925145,2,https://pizzapiccololondon.co.uk/menu,2025-01-03 14:47:47.083095+00,2025-01-03 14:47:47.083095+00,0101000020E6100000CBBDC0AC50A4C8BFAD16D86322BF4940
ChIJT-hzcqQbdkgROZz0JoVygq8,Taqueria - Exmouth Market,Mexican,UK,London,"8-10 Exmouth Market, London",4.2,OPERATIONAL,51.525196,-0.1100714,2,https://taqueria.co.uk/exmouth/,2025-01-03 14:47:47.083095+00,2025-01-03 14:47:47.083095+00,0101000020E61000004D9539A7A32DBCBFB9FE5D9F39C34940
ChIJU_kdsHcFdkgRIzU2fm0McoY,Big Fernand - Best Burger in London,French,UK,London,"39 Thurloe Pl, London",4.4,OPERATIONAL,51.495197,-0.1737524,2,http://www.bigfernanduk.com/?utm_source=gmb,2025-01-03 14:47:47.083095+00,2025-01-03 14:47:47.083095+00,0101000020E61000004BFECCC5843DC6BFE509849D62BF4940
ChIJV9j3pyoFdkgRGVoRgp9w8To,Aqua Nueva,,UK,London,"30 Argyll St, London W1B 3BR, UK",4.2,OPERATIONAL,51.514452,-0.1407718,4,,2025-01-03 14:47:47.083095+00,2025-01-03 14:47:47.083095+00,0101000020E6100000907A9972CF04C2BF4FAE2990D9C14940
ChIJVcvKc80EdkgRyV3q0YIzDvc,The Ivy,,UK,London,"1-5 West St, London WC2H 9NQ, UK",4.4,OPERATIONAL,51.5128449,-0.1280908,3,,2025-01-03 14:47:47.083095+00,2025-01-03 14:47:47.083095+00,0101000020E6100000A69075824765C0BFCFB5D4E6A4C14940
ChIJW7d2YlMDdkgR6xp0JHq_DP4,Hispania,Spanish,UK,London,"72-74 Lombard St, London",4.5,OPERATIONAL,51.512882,-0.0877012,3,http://hispanialondon.com/,2025-01-03 14:47:47.083095+00,2025-01-03 14:47:47.083095+00,0101000020E610000096E8D1F99573B6BF815A0C1EA6C14940
ChIJWdK_w9YEdkgRdu6jPHuHOTo,Al Duca,,UK,London,"4-5 Duke of York St, London SW1Y 6LA, UK",4.3,OPERATIONAL,51.5081355,-0.1362659,2,,2025-01-03 14:47:47.083095+00,2025-01-03 14:47:47.083095+00,0101000020E61000004AAE07382971C1BFE33785950AC14940
ChIJWfylN7oFdkgRFj0ZLuU0aKg,Pizza Pilgrims Victoria,Italian,UK,London,"32-34 Buckingham Palace Rd, London",4.7,OPERATIONAL,51.497303,-0.1446858,1,https://www.pizzapilgrims.co.uk/pizzerias/victoria/,2025-01-03 14:47:47.083095+00,2025-01-03 14:47:47.083095+00,0101000020E6100000510999751085C2BFF299EC9FA7BF4940
ChIJwZ9ERisFdkgRA26PtVlwlgQ,The Loop Bar,,UK,London,"19 Dering St, London W1S 1AH, UK",4.5,CLOSED_TEMPORARILY,51.5140891,-0.1454687,2,,2025-01-03 14:47:47.083095+00,2025-01-03 14:47:47.083095+00,0101000020E6100000B4BA8BE6B79EC2BF73DDEFABCDC14940
ChIJXYtfGygDdkgRy_VzumysaSM,Blacklock Canary Wharf,Steakhouse,UK,London,"5 Frobisher Psge, London",4.7,OPERATIONAL,51.506004,-0.0209812,2,https://theblacklock.com/restaurants/canary-wharf/?utm_source=GMB&utm_medium=website%20click&utm_campaign=SDM&utm_id=GMB,2025-01-03 14:47:47.083095+00,2025-01-03 14:47:47.083095+00,0101000020E610000076C6527F187C95BF95D233BDC4C04940
ChIJY3boyNIEdkgRNE2VayvElt8,Bibimbap Soho,Korean,UK,London,"11 Greek St, London W1D 4DJ, UK",4.3,OPERATIONAL,51.5144005,-0.1309395,1,,2025-01-03 14:47:47.083095+00,2025-01-03 14:47:47.083095+00,0101000020E610000078962023A0C2C0BFE54526E0D7C14940
ChIJydjklNQEdkgR1s6bb7ABkhg,Hakkasan Hanway Place,Chinese,UK,London,"8 Hanway Pl, London W1T 1HD, UK",4.3,OPERATIONAL,51.5171907,-0.1316694,4,,2025-01-03 14:47:47.083095+00,2025-01-03 14:47:47.083095+00,0101000020E6100000062571FB8ADAC0BFCE250B4E33C24940
ChIJydjklNQEdkgRRkTHmCM_92o,Hakkasan Mayfair,Chinese,UK,London,"17 Bruton St, London W1J 6QB, UK",4.3,OPERATIONAL,51.5102296,-0.1450157,4,,2025-01-03 14:47:47.083095+00,2025-01-03 14:47:47.083095+00,0101000020E6100000BD0974DCDF8FC2BFC0B91A344FC14940
ChIJYQOYkFUFdkgRM89bjMVam0I,Mamma Mia Ristorante Italiano,Italian,UK,London,"48 Queensway, London",4.4,OPERATIONAL,51.511913,-0.1871874,2,http://www.mammamiauk.com/,2025-01-03 14:47:47.083095+00,2025-01-03 14:47:47.083095+00,0101000020E610000020949CB8C1F5C7BFD9B27C5D86C14940
ChIJZ3ynWcsbdkgRNxvTG5jKwSs,DeGusto,Italian,UK,London,"94 Camden Rd, London",4.7,OPERATIONAL,51.54134,-0.1386077,-1,https://www.degustorestaurant.com/?utm_source=Google-Maps&utm_medium=Link-Profile&utm_campaign=Social-Media,2025-01-03 14:47:47.083095+00,2025-01-03 14:47:47.083095+00,0101000020E6100000CCA43CA9E5BDC1BF21020EA14AC54940
ChIJZ7h0_scCdkgR2vK0OaP4dNU,Amerigo Vespucci,Italian,UK,London,"25 Mackenzie Walk, London",4.6,OPERATIONAL,51.504494,-0.0236796,2,http://www.amerigovespucci.co.uk/,2025-01-03 14:47:47.083095+00,2025-01-03 14:47:47.083095+00,0101000020E61000009956540E773F98BF9D83674293C04940
ChIJZRN66NIEdkgRkrS87zNISPc,Little Italy,,UK,London,"21 Frith St, London W1D 4RN, UK",3.6,OPERATIONAL,51.5135117,-0.131262,2,,2025-01-03 14:47:47.083095+00,2025-01-03 14:47:47.083095+00,0101000020E610000010919A7631CDC0BF83CE5AC0BAC14940
ChIJZRnZ4dwEdkgRy-CoHK7UfPw,Ma La Sichuan,Chinese,UK,London,"37 Monck St, London",4.6,OPERATIONAL,51.496754,-0.1306544,2,http://www.malasichuan.co.uk/,2025-01-03 14:47:47.083095+00,2025-01-03 14:47:47.083095+00,0101000020E61000005E0C8A8B48B9C0BF1F1494A295BF4940
ChIJz-VvsdMEdkgR1lQfyxijRMw,Wong Kei,Chinese,UK,London,"41-43 Wardour St, London W1D 6PX, UK",3.5,OPERATIONAL,51.5114754,-0.1323797,1,,2025-01-03 14:47:47.083095+00,2025-01-03 14:47:47.083095+00,0101000020E6100000D0BF1369D1F1C0BFB1DAA10678C14940
ChIJZ-YVItMEdkgR2_qjlApBJ1w,Dean Street Townhouse,,UK,London,"69-71 Dean St, London W1D 3SE, UK",4.4,OPERATIONAL,51.5135019,-0.132589,,,2025-01-03 14:47:47.083095+00,2025-01-03 14:47:47.083095+00,0101000020E610000096986725ADF8C0BF8977256EBAC14940